<?xml version="1.0" encoding="utf-8"?>
<extension type="component" version="3.0.0" method="upgrade">
    <name>COM_FMPACKAGER</name>
    <license>http://www.gnu.org/licenses/gpl-2.0.html GNU/GPL</license>
    <version>5.0.1</version>
    <copyright></copyright>
    <creationDate>2021</creationDate>
    <author>Folcomedia</author>
    <authorEmail>contact@folcomedia.fr</authorEmail>
    <authorUrl>https://www.folcomedia.fr</authorUrl>
    <description>COM_FMPACKAGER_XML_DESCRIPTION</description>

    <install><sql><file driver="mysql" charset="utf8">sql/install.mysql.utf8.sql</file></sql></install>
    <uninstall><sql><file driver="mysql" charset="utf8">sql/uninstall.mysql.utf8.sql</file></sql></uninstall>
    <update><schemas><schemapath type="mysql">sql/updates/mysql</schemapath></schemas></update>
    
    <media folder="media" destination="com_fmpackager">
		<folder>js</folder>
	</media>

    <administration>
    	<menu link="option=com_fmpackager">COM_FMPACKAGER</menu>
		<files folder="admin">
			<folder>sql</folder>
            <folder>views</folder>
            <folder>models</folder>
            <filename>fmpackager.php</filename>
            <filename>controller.php</filename>
            <filename>index.html</filename>
        </files>
        <languages folder="admin">
            <language tag="en-GB">language/en-GB/en-GB.com_fmpackager.sys.ini</language>
            <language tag="en-GB">language/en-GB/en-GB.com_fmpackager.ini</language>
        </languages>
    </administration>

    <updateservers>
		<server type="extension" priority="1" name="Folcomedia Update">http://www.folcomedia.fr/joomla/update/com-fmpackager</server>
    </updateservers>
</extension>