<?xml version="1.0" encoding="UTF-8"?>
<extension version="2.5" type="plugin" group="system" method="upgrade">
	<name>plg_system_switcheditor</name>
	<license>http://www.gnu.org/licenses/gpl-2.0.html GNU/GPL</license>
	<creationDate>2012-10-30</creationDate>
	<author>Anything Digital / lomart / ghazal</author>
	<authorEmail>admin@anything-digital.com</authorEmail>
	<authorUrl>http://anything-digital.com</authorUrl>
	<copyright>@ant_xml_copyright@</copyright>
	<license>GNU/GPL</license>
	<version>2</version>
	<description>PLG_SYSTEM_SWITCHEDITOR_XML_DESCRIPTION</description>
	<languages folder="language">
		<language tag="en-GB">en-GB/en-GB.plg_system_switcheditor.sys.ini</language>
	</languages>
	<files>
		<filename plugin="switcheditor">switcheditor.php</filename>
	</files>
</extension>